CASE,Interview-Nummer (fortlaufend),METRIC,SYSTEM,
BI07,Ethics_corona,NOMINAL,SELECTION,Zustimmung zur Teilnahme an dieser Forschungsstudie
BI02_01,Age: [01],TEXT,OPEN,Bitte geben Sie Ihr Alter in Jahren an:
BI03,Gender,NOMINAL,SELECTION,Was ist Ihr Geschlecht?
BI11,Infection_test,NOMINAL,SELECTION,Sind Sie auf eine Infektion mit dem neuen Coronavirus getestet worden?
BI10,Language_level,NOMINAL,SELECTION,Wegen meiner Deutschkenntnisse...
BI09,Education,NOMINAL,SELECTION,Was ist Ihr höchster Bildungsstand?
PI01_01,Test_you: ...innerhalb der nächsten 2 Wochen?,METRIC,SCALE,Wie hoch ist Ihrer Meinung nach die Wahrscheinlichkeit. dass //__Sie__// mit dem neuen Coronavirus infiziert werden...
PI01_02,Test_you: ...innerhalb der nächsten 2 Monaten?,METRIC,SCALE,Wie hoch ist Ihrer Meinung nach die Wahrscheinlichkeit. dass //__Sie__// mit dem neuen Coronavirus infiziert werden...
PI01_03,Test_you: ...innerhalb des nächsten Jahres?,METRIC,SCALE,Wie hoch ist Ihrer Meinung nach die Wahrscheinlichkeit. dass //__Sie__// mit dem neuen Coronavirus infiziert werden...
PI01_04,Test_you: ...in Ihrem Leben?,METRIC,SCALE,Wie hoch ist Ihrer Meinung nach die Wahrscheinlichkeit. dass //__Sie__// mit dem neuen Coronavirus infiziert werden...
PI03_01,Test_average: ...innerhalb der nächsten 2 Wochen?,METRIC,SCALE,Wie hoch ist Ihrer Meinung nach die Wahrscheinlichkeit. dass //__eine durchschnittliche Person__// mit dem neuen Coronavirus infiziert wird...
PI03_02,Test_average: ...innerhalb der nächsten 2 Monate?,METRIC,SCALE,Wie hoch ist Ihrer Meinung nach die Wahrscheinlichkeit. dass //__eine durchschnittliche Person__// mit dem neuen Coronavirus infiziert wird...
PI03_03,Test_average: ...innerhalb des nächsten Jahres?,METRIC,SCALE,Wie hoch ist Ihrer Meinung nach die Wahrscheinlichkeit. dass //__eine durchschnittliche Person__// mit dem neuen Coronavirus infiziert wird...
PI03_04,Test_average: ...in deren Leben?,METRIC,SCALE,Wie hoch ist Ihrer Meinung nach die Wahrscheinlichkeit. dass //__eine durchschnittliche Person__// mit dem neuen Coronavirus infiziert wird...
QD01_01,Differences_you_average: ...befolgen Sie die Hygieneempfehlungen (z.B. Händewaschen)?,METRIC,SCALE,Fragen zur aktuellen Situation angesichts der Ausbreitung des neuen Coronavirus: In welchem Ausmaß...
QD01_02,Differences_you_average: ...befolgt eine durchschnittliche Person die Hygieneempfehlungen (z.B. Händewaschen)?,METRIC,SCALE,Fragen zur aktuellen Situation angesichts der Ausbreitung des neuen Coronavirus: In welchem Ausmaß...
QD01_03,Differences_you_average: ...ist es für Sie leicht. den physischen Kontakt zu anderen zu minimieren?,METRIC,SCALE,Fragen zur aktuellen Situation angesichts der Ausbreitung des neuen Coronavirus: In welchem Ausmaß...
QD01_04,Differences_you_average: ...ist es für eine durchschnittliche Person leicht. den physischen Kontakt zu anderen zu minimieren?,METRIC,SCALE,Fragen zur aktuellen Situation angesichts der Ausbreitung des neuen Coronavirus: In welchem Ausmaß...
QD01_07,Differences_you_average: ...halten Sie es für notwendig. den physischen Kontakt mit anderen so gering wie möglich zu halten?,METRIC,SCALE,Fragen zur aktuellen Situation angesichts der Ausbreitung des neuen Coronavirus: In welchem Ausmaß...
QD01_08,Differences_you_average: ...hält eine durchschnittliche Person es für notwendig. den physischen Kontakt mit anderen so gering wie möglich zu halten?,METRIC,SCALE,Fragen zur aktuellen Situation angesichts der Ausbreitung des neuen Coronavirus: In welchem Ausmaß...
QD01_05,Differences_you_average: ...verfolgen Sie die Medienberichte über die aktuelle Situation?,METRIC,SCALE,Fragen zur aktuellen Situation angesichts der Ausbreitung des neuen Coronavirus: In welchem Ausmaß...
QD01_06,Differences_you_average: ...verfolgt eine durchschnittliche Person die Medienberichte über die aktuelle Situation?,METRIC,SCALE,Fragen zur aktuellen Situation angesichts der Ausbreitung des neuen Coronavirus: In welchem Ausmaß...
QD01_09,Differences_you_average: ...haben Sie sichere Lebensbedingungen (z.B. Unterkunft. Elektrizität. Wasser. etc.)?,METRIC,SCALE,Fragen zur aktuellen Situation angesichts der Ausbreitung des neuen Coronavirus: In welchem Ausmaß...
QD01_10,Differences_you_average: ...hat eine durchschnittliche Person sichere Lebensbedingungen (z.B. Unterkunft. Elektrizität. Wasser. etc.)?,METRIC,SCALE,Fragen zur aktuellen Situation angesichts der Ausbreitung des neuen Coronavirus: In welchem Ausmaß...
QD01_11,Differences_you_average: ...vertrauen Sie der Regierung. dass sie angemessen auf die Situation reagiert?,METRIC,SCALE,Fragen zur aktuellen Situation angesichts der Ausbreitung des neuen Coronavirus: In welchem Ausmaß...
QD01_12,Differences_you_average: ...vertraut eine durchschnittliche Person der Regierung. dass sie angemessen auf die Situation reagiert?,METRIC,SCALE,Fragen zur aktuellen Situation angesichts der Ausbreitung des neuen Coronavirus: In welchem Ausmaß...
QD01_13,Differences_you_average: ...vertrauen Sie den Wissenschaftlern. dass sie in der gegenwärtigen Situation ihr Bestes geben?,METRIC,SCALE,Fragen zur aktuellen Situation angesichts der Ausbreitung des neuen Coronavirus: In welchem Ausmaß...
QD01_14,Differences_you_average: ...vertraut eine durchschnittliche Person den Wissenschaftlern. dass sie in der gegenwärtigen Situation ihr Bestes geben?,METRIC,SCALE,Fragen zur aktuellen Situation angesichts der Ausbreitung des neuen Coronavirus: In welchem Ausmaß...
QD01_15,Differences_you_average: ...glauben Sie. dass die gegenwärtige Situation die globale Erderwärmung reduziert?,METRIC,SCALE,Fragen zur aktuellen Situation angesichts der Ausbreitung des neuen Coronavirus: In welchem Ausmaß...
QD01_16,Differences_you_average: ...glaubt eine durchschnittliche Person. dass die gegenwärtige Situation die globale Erderwärmung reduziert?,METRIC,SCALE,Fragen zur aktuellen Situation angesichts der Ausbreitung des neuen Coronavirus: In welchem Ausmaß...
QD01_17,Differences_you_average: ...glauben Sie. dass der soziale Zusammenhalt und die Solidarität in der Gesellschaft im Allgemeinen verringert werden?,METRIC,SCALE,Fragen zur aktuellen Situation angesichts der Ausbreitung des neuen Coronavirus: In welchem Ausmaß...
QD01_18,Differences_you_average: ...glaubt eine durchschnittliche Person. dass der soziale Zusammenhalt und die Solidarität in der Gesellschaft im Allgemeinen verringert werden?,METRIC,SCALE,Fragen zur aktuellen Situation angesichts der Ausbreitung des neuen Coronavirus: In welchem Ausmaß...
QD01_19,Differences_you_average: ...helfen Sie anderen bei der Bewältigung der Situation (z.B. Besorgungen für ältere Nachbarn machen)?,METRIC,SCALE,Fragen zur aktuellen Situation angesichts der Ausbreitung des neuen Coronavirus: In welchem Ausmaß...
QD01_20,Differences_you_average: ...hilft eine durchschnittliche Person anderen bei der Bewältigung der Situation (z.B. Besorgungen für ältere Nachbarn machen)?,METRIC,SCALE,Fragen zur aktuellen Situation angesichts der Ausbreitung des neuen Coronavirus: In welchem Ausmaß...
ME01_01,Magnitude_you: ...nur leichte Symptome bekommen. also nicht mehr als bei einer leichten Grippe?,METRIC,SCALE,Wenn //__Sie__// mit dem neuen Coronavirus infiziert wären. wie wahrscheinlich wäre es. dass //__Sie__//...
ME01_02,Magnitude_you: ...schwere Symptome bekommen. die einen Krankenhausaufenthalt erfordern würden?,METRIC,SCALE,Wenn //__Sie__// mit dem neuen Coronavirus infiziert wären. wie wahrscheinlich wäre es. dass //__Sie__//...
ME02_01,Magnitude_average: ...nur leichte Symptome bekommt. also nicht mehr als bei einer leichten Grippe?,METRIC,SCALE,Wenn //__eine durchschnittliche Person__// mit dem neuen Coronavirus infiziert wäre. wie wahrscheinlich wäre es. dass //__diese Person__//...
ME02_02,Magnitude_average: ...schwere Symptome bekommt. die einen Krankenhausaufenthalt erfordern würden?,METRIC,SCALE,Wenn //__eine durchschnittliche Person__// mit dem neuen Coronavirus infiziert wäre. wie wahrscheinlich wäre es. dass //__diese Person__//...
DT01_01,Denied_you: ...aufgrund einer anderen Krankheit einen Arzt aufsuchen und eine Behandlung verweigert wird?,METRIC,SCALE,Wie wahrscheinlich ist es. dass //__Sie__// indirekt unter der Verbreitung des neuen Coronavirus leiden? Das heißt. wie wahrscheinlich ist es. dass //__Sie__//...
DT01_02,Denied_you: ...aufgrund einer anderen Krankheit ein Krankenhaus aufsuchen und die Behandlung verweigert wird?,METRIC,SCALE,Wie wahrscheinlich ist es. dass //__Sie__// indirekt unter der Verbreitung des neuen Coronavirus leiden? Das heißt. wie wahrscheinlich ist es. dass //__Sie__//...
DT02_01,Denied_average: ...aufgrund einer anderen Krankheit einen Arzt aufsucht und eine Behandlung verweigert wird?,METRIC,SCALE,Wie wahrscheinlich ist es. dass //__eine durchschnittliche Person__// indirekt unter der Verbreitung des neuen Coronavirus leidet? Das heißt. wie wahrscheinlich ist es. dass //__diese Person__//...
DT02_02,Denied_average: ...aufgrund einer anderen Krankheit ein Krankenhaus aufsuchen und die Behandlung verweigert wird?,METRIC,SCALE,Wie wahrscheinlich ist es. dass //__eine durchschnittliche Person__// indirekt unter der Verbreitung des neuen Coronavirus leidet? Das heißt. wie wahrscheinlich ist es. dass //__diese Person__//...
IO01_01,Infects_others_you: ...ein Familienmitglied?,METRIC,SCALE,Wenn //__Sie__// mit dem neuen Coronavirus infiziert wären. wie wahrscheinlich wäre es. dass //__Sie__// das Virus übertragen auf...
IO01_02,Infects_others_you: ...eine/n Freund/in?,METRIC,SCALE,Wenn //__Sie__// mit dem neuen Coronavirus infiziert wären. wie wahrscheinlich wäre es. dass //__Sie__// das Virus übertragen auf...
IO01_03,Infects_others_you: ...eine/n Arbeitskollegen/in?,METRIC,SCALE,Wenn //__Sie__// mit dem neuen Coronavirus infiziert wären. wie wahrscheinlich wäre es. dass //__Sie__// das Virus übertragen auf...
IO01_04,Infects_others_you: ...eine/n Fremde/n bei Freizeitaktivitäten im öffentlichen Raum (z.B. Essen in Restaurants. Konzert- oder Sportveranstaltungen)?,METRIC,SCALE,Wenn //__Sie__// mit dem neuen Coronavirus infiziert wären. wie wahrscheinlich wäre es. dass //__Sie__// das Virus übertragen auf...
IO01_05,Infects_others_you: ...eine/n Fremde/n während einer Urlaubsreise?,METRIC,SCALE,Wenn //__Sie__// mit dem neuen Coronavirus infiziert wären. wie wahrscheinlich wäre es. dass //__Sie__// das Virus übertragen auf...
IO01_06,Infects_others_you: ...eine/n Fremde/n beim Pendeln zur Arbeit oder bei notwendigen Einkäufen?,METRIC,SCALE,Wenn //__Sie__// mit dem neuen Coronavirus infiziert wären. wie wahrscheinlich wäre es. dass //__Sie__// das Virus übertragen auf...
IO02_01,Infects_others_average: ...ein Familienmitglied?,METRIC,SCALE,Wenn //__eine durchschnittliche Person__// mit dem neuen Coronavirus infiziert wäre. wie wahrscheinlich wäre es. dass //__diese Person__// das Virus überträgt auf...
IO02_02,Infects_others_average: ...eine/n Freund/in?,METRIC,SCALE,Wenn //__eine durchschnittliche Person__// mit dem neuen Coronavirus infiziert wäre. wie wahrscheinlich wäre es. dass //__diese Person__// das Virus überträgt auf...
IO02_03,Infects_others_average: ...eine/n Arbeitskollegen/in?,METRIC,SCALE,Wenn //__eine durchschnittliche Person__// mit dem neuen Coronavirus infiziert wäre. wie wahrscheinlich wäre es. dass //__diese Person__// das Virus überträgt auf...
IO02_04,Infects_others_average: ...eine/n Fremde/n bei Freizeitaktivitäten im öffentlichen Raum (z.B. Essen in Restaurants. Konzert- oder Sportveranstaltungen)?,METRIC,SCALE,Wenn //__eine durchschnittliche Person__// mit dem neuen Coronavirus infiziert wäre. wie wahrscheinlich wäre es. dass //__diese Person__// das Virus überträgt auf...
IO02_05,Infects_others_average: ...eine/n Fremde/n während einer Freizeitreise?,METRIC,SCALE,Wenn //__eine durchschnittliche Person__// mit dem neuen Coronavirus infiziert wäre. wie wahrscheinlich wäre es. dass //__diese Person__// das Virus überträgt auf...
IO02_06,Infects_others_average: ...eine/n Fremde/n beim Pendeln zur Arbeit oder bei notwendigen Einkäufen?,METRIC,SCALE,Wenn //__eine durchschnittliche Person__// mit dem neuen Coronavirus infiziert wäre. wie wahrscheinlich wäre es. dass //__diese Person__// das Virus überträgt auf...
PA01_01,Test_you_STD: ...innerhalb der nächsten 2 Wochen?,METRIC,SCALE,Wie hoch ist Ihrer Meinung nach die Wahrscheinlichkeit. dass //__Sie__// eine sexuell übertragbare Krankheit wie Chlamydien. Gonorrhöe. HIV/AIDS usw. bekommen...
PA01_02,Test_you_STD: ...innerhalb der nächsten 2 Monate?,METRIC,SCALE,Wie hoch ist Ihrer Meinung nach die Wahrscheinlichkeit. dass //__Sie__// eine sexuell übertragbare Krankheit wie Chlamydien. Gonorrhöe. HIV/AIDS usw. bekommen...
PA01_03,Test_you_STD: ...innerhalb des nächsten Jahres?,METRIC,SCALE,Wie hoch ist Ihrer Meinung nach die Wahrscheinlichkeit. dass //__Sie__// eine sexuell übertragbare Krankheit wie Chlamydien. Gonorrhöe. HIV/AIDS usw. bekommen...
PA01_04,Test_you_STD: ...in Ihrem Leben?,METRIC,SCALE,Wie hoch ist Ihrer Meinung nach die Wahrscheinlichkeit. dass //__Sie__// eine sexuell übertragbare Krankheit wie Chlamydien. Gonorrhöe. HIV/AIDS usw. bekommen...
PA03_01,Test_you_bone: ...innerhalb der nächsten 2 Wochen?,METRIC,SCALE,Wie hoch ist Ihrer Meinung nach die Wahrscheinlichkeit. dass //__Sie sich__// bei einem Unfall einen Knochen brechen...
PA03_02,Test_you_bone: ...innerhalb der nächsten 2 Monate?,METRIC,SCALE,Wie hoch ist Ihrer Meinung nach die Wahrscheinlichkeit. dass //__Sie sich__// bei einem Unfall einen Knochen brechen...
PA03_03,Test_you_bone: ...innerhalb des nächsten Jahres?,METRIC,SCALE,Wie hoch ist Ihrer Meinung nach die Wahrscheinlichkeit. dass //__Sie sich__// bei einem Unfall einen Knochen brechen...
PA03_04,Test_you_bone: ...in Ihrem Leben?,METRIC,SCALE,Wie hoch ist Ihrer Meinung nach die Wahrscheinlichkeit. dass //__Sie sich__// bei einem Unfall einen Knochen brechen...
PA02_01,Test_average_STD: ...innerhalb der nächsten 2 Wochen?,METRIC,SCALE,Wie hoch ist Ihrer Meinung nach die Wahrscheinlichkeit. dass //__eine durchschnittliche Person__// eine sexuell übertragbare Krankheit wie Chlamydien. Gonorrhöe. HIV/AIDS usw. bekommt...
PA02_02,Test_average_STD: ...innerhalb der nächsten 2 Monate?,METRIC,SCALE,Wie hoch ist Ihrer Meinung nach die Wahrscheinlichkeit. dass //__eine durchschnittliche Person__// eine sexuell übertragbare Krankheit wie Chlamydien. Gonorrhöe. HIV/AIDS usw. bekommt...
PA02_03,Test_average_STD: ...innerhalb des nächsten Jahres?,METRIC,SCALE,Wie hoch ist Ihrer Meinung nach die Wahrscheinlichkeit. dass //__eine durchschnittliche Person__// eine sexuell übertragbare Krankheit wie Chlamydien. Gonorrhöe. HIV/AIDS usw. bekommt...
PA02_04,Test_average_STD: ...in deren Leben?,METRIC,SCALE,Wie hoch ist Ihrer Meinung nach die Wahrscheinlichkeit. dass //__eine durchschnittliche Person__// eine sexuell übertragbare Krankheit wie Chlamydien. Gonorrhöe. HIV/AIDS usw. bekommt...
PA04_01,Test_average_bone: ...innerhalb der nächsten 2 Wochen?,METRIC,SCALE,Wie hoch ist Ihrer Meinung nach die Wahrscheinlichkeit. dass //__eine durchschnittliche Person sich__// bei einem Unfall einen Knochen bricht...
PA04_02,Test_average_bone: ...innerhalb der nächsten 2 Monate?,METRIC,SCALE,Wie hoch ist Ihrer Meinung nach die Wahrscheinlichkeit. dass //__eine durchschnittliche Person sich__// bei einem Unfall einen Knochen bricht...
PA04_03,Test_average_bone: ...innerhalb des nächsten Jahres?,METRIC,SCALE,Wie hoch ist Ihrer Meinung nach die Wahrscheinlichkeit. dass //__eine durchschnittliche Person sich__// bei einem Unfall einen Knochen bricht...
PA04_04,Test_average_bone: ...in deren Leben?,METRIC,SCALE,Wie hoch ist Ihrer Meinung nach die Wahrscheinlichkeit. dass //__eine durchschnittliche Person sich__// bei einem Unfall einen Knochen bricht...
PA05_01,Test_you_influenza: ...innerhalb der nächsten 2 Wochen?,METRIC,SCALE,Wie hoch ist Ihrer Meinung nach die Wahrscheinlichkeit. dass //__Sie sich__// mit der Grippe (d.h. mit der Influenza) infizieren...
PA05_02,Test_you_influenza: ...innerhalb der nächsten 2 Monate?,METRIC,SCALE,Wie hoch ist Ihrer Meinung nach die Wahrscheinlichkeit. dass //__Sie sich__// mit der Grippe (d.h. mit der Influenza) infizieren...
PA05_03,Test_you_influenza: ...innerhalb des nächsten Jahres?,METRIC,SCALE,Wie hoch ist Ihrer Meinung nach die Wahrscheinlichkeit. dass //__Sie sich__// mit der Grippe (d.h. mit der Influenza) infizieren...
PA05_04,Test_you_influenza: ...in Ihrem Leben?,METRIC,SCALE,Wie hoch ist Ihrer Meinung nach die Wahrscheinlichkeit. dass //__Sie sich__// mit der Grippe (d.h. mit der Influenza) infizieren...
PA06_01,Test_average_influenza: ...innerhalb der nächsten 2 Wochen?,METRIC,SCALE,Wie hoch ist Ihrer Meinung nach die Wahrscheinlichkeit. dass //__eine durchschnittliche Person sich__// mit der Grippe (d.h. mit der Influenza) infiziert...
PA06_02,Test_average_influenza: ...innerhalb der nächsten 2 Monate?,METRIC,SCALE,Wie hoch ist Ihrer Meinung nach die Wahrscheinlichkeit. dass //__eine durchschnittliche Person sich__// mit der Grippe (d.h. mit der Influenza) infiziert...
PA06_03,Test_average_influenza: ...innerhalb des nächsten Jahres?,METRIC,SCALE,Wie hoch ist Ihrer Meinung nach die Wahrscheinlichkeit. dass //__eine durchschnittliche Person sich__// mit der Grippe (d.h. mit der Influenza) infiziert...
PA06_04,Test_average_influenza: ...in deren Leben?,METRIC,SCALE,Wie hoch ist Ihrer Meinung nach die Wahrscheinlichkeit. dass //__eine durchschnittliche Person sich__// mit der Grippe (d.h. mit der Influenza) infiziert...
CQ01_01,Symptoms_corona: Husten,METRIC,SCALE,Welche der folgenden Beschwerden sind Symptome des neuen Coronavirus? Wenn Sie sich bei einem Punkt unsicher sind. antworten Sie in der Mitte des Bereichs (50%).
CQ01_02,Symptoms_corona: Fieber,METRIC,SCALE,Welche der folgenden Beschwerden sind Symptome des neuen Coronavirus? Wenn Sie sich bei einem Punkt unsicher sind. antworten Sie in der Mitte des Bereichs (50%).
CQ01_03,Symptoms_corona: Schnupfen,METRIC,SCALE,Welche der folgenden Beschwerden sind Symptome des neuen Coronavirus? Wenn Sie sich bei einem Punkt unsicher sind. antworten Sie in der Mitte des Bereichs (50%).
CQ01_04,Symptoms_corona: Durchfall,METRIC,SCALE,Welche der folgenden Beschwerden sind Symptome des neuen Coronavirus? Wenn Sie sich bei einem Punkt unsicher sind. antworten Sie in der Mitte des Bereichs (50%).
CQ01_06,Symptoms_corona: Kopfschmerzen,METRIC,SCALE,Welche der folgenden Beschwerden sind Symptome des neuen Coronavirus? Wenn Sie sich bei einem Punkt unsicher sind. antworten Sie in der Mitte des Bereichs (50%).
CQ01_07,Symptoms_corona: Ausschlag,METRIC,SCALE,Welche der folgenden Beschwerden sind Symptome des neuen Coronavirus? Wenn Sie sich bei einem Punkt unsicher sind. antworten Sie in der Mitte des Bereichs (50%).
CQ01_08,Symptoms_corona: Rastlosigkeit,METRIC,SCALE,Welche der folgenden Beschwerden sind Symptome des neuen Coronavirus? Wenn Sie sich bei einem Punkt unsicher sind. antworten Sie in der Mitte des Bereichs (50%).
CQ01_09,Symptoms_corona: Müdigkeit,METRIC,SCALE,Welche der folgenden Beschwerden sind Symptome des neuen Coronavirus? Wenn Sie sich bei einem Punkt unsicher sind. antworten Sie in der Mitte des Bereichs (50%).
CQ01_10,Symptoms_corona: Atemschwierigkeiten,METRIC,SCALE,Welche der folgenden Beschwerden sind Symptome des neuen Coronavirus? Wenn Sie sich bei einem Punkt unsicher sind. antworten Sie in der Mitte des Bereichs (50%).
CQ01_11,Symptoms_corona: Halsschmerzen,METRIC,SCALE,Welche der folgenden Beschwerden sind Symptome des neuen Coronavirus? Wenn Sie sich bei einem Punkt unsicher sind. antworten Sie in der Mitte des Bereichs (50%).
CQ08_01,Symptoms_self: Husten,ORDINAL,SCALE,Hatten Sie im vergangenen Monat diese Symptome?
CQ08_02,Symptoms_self: Fieber,ORDINAL,SCALE,Hatten Sie im vergangenen Monat diese Symptome?
CQ08_03,Symptoms_self: Schnupfen,ORDINAL,SCALE,Hatten Sie im vergangenen Monat diese Symptome?
CQ08_04,Symptoms_self: Durchfall,ORDINAL,SCALE,Hatten Sie im vergangenen Monat diese Symptome?
CQ08_06,Symptoms_self: Kopfschmerzen,ORDINAL,SCALE,Hatten Sie im vergangenen Monat diese Symptome?
CQ08_07,Symptoms_self: Ausschlag,ORDINAL,SCALE,Hatten Sie im vergangenen Monat diese Symptome?
CQ08_08,Symptoms_self: Rastlosigkeit,ORDINAL,SCALE,Hatten Sie im vergangenen Monat diese Symptome?
CQ08_09,Symptoms_self: Müdigkeit,ORDINAL,SCALE,Hatten Sie im vergangenen Monat diese Symptome?
CQ08_10,Symptoms_self: Atemschwierigkeiten,ORDINAL,SCALE,Hatten Sie im vergangenen Monat diese Symptome?
CQ08_11,Symptoms_self: Halsschmerzen,ORDINAL,SCALE,Hatten Sie im vergangenen Monat diese Symptome?
CQ02,Infections_known_you_direct,NOMINAL,SELECTION,Wie viele Menschen kennen Sie direkt. die definitiv mit dem neuen Coronavirus infiziert sind oder waren?
CQ03,Infections_known_you_indirect,NOMINAL,SELECTION,Wie viele Menschen kennen Sie. die mindestens eine Person kennen. die definitiv mit dem neuen Coronavirus infiziert sind oder waren?
CQ06,Health_you,NOMINAL,SELECTION,Wie würden Sie //__Ihre eigene__// generelle Gesundheit beschreiben?
CQ07,Health_average,NOMINAL,SELECTION,Wie würden Sie die generelle Gesundheit //__einer durchschnittlichen Person__// beschreiben?
NI01_01,Social_contacts: …Familienmitgliedern?,METRIC,SCALE,Wie oft haben //__Sie__// normalerweise direkten physischen Kontakt mit...
NI01_02,Social_contacts: …Freunden?,METRIC,SCALE,Wie oft haben //__Sie__// normalerweise direkten physischen Kontakt mit...
NI01_03,Social_contacts: …Arbeitskollegen?,METRIC,SCALE,Wie oft haben //__Sie__// normalerweise direkten physischen Kontakt mit...
NI01_04,Social_contacts: …Fremden bei Freizeitaktivitäten im öffentlichen Raum (z.B. Essen in Restaurants. Konzert- oder Sportveranstaltungen)?,METRIC,SCALE,Wie oft haben //__Sie__// normalerweise direkten physischen Kontakt mit...
NI01_05,Social_contacts: …Fremden bei Urlaubsreisen?,METRIC,SCALE,Wie oft haben //__Sie__// normalerweise direkten physischen Kontakt mit...
NI01_06,Social_contacts: ...Fremden beim Pendeln zur Arbeit oder bei notwendigen Einkäufen?,METRIC,SCALE,Wie oft haben //__Sie__// normalerweise direkten physischen Kontakt mit...
NI06_01,Social_contacts_ave: …Familienmitgliedern?,METRIC,SCALE,Wie oft hat //__eine durchschnittliche Person__// normalerweise direkten physischen Kontakt mit...
NI06_02,Social_contacts_ave: …Freunden?,METRIC,SCALE,Wie oft hat //__eine durchschnittliche Person__// normalerweise direkten physischen Kontakt mit...
NI06_03,Social_contacts_ave: …Arbeitskollegen?,METRIC,SCALE,Wie oft hat //__eine durchschnittliche Person__// normalerweise direkten physischen Kontakt mit...
NI06_04,Social_contacts_ave: …Fremden bei Freizeitaktivitäten im öffentlichen Raum (z.B. Essen in Restaurants. Konzert- oder Sportveranstaltungen)?,METRIC,SCALE,Wie oft hat //__eine durchschnittliche Person__// normalerweise direkten physischen Kontakt mit...
NI06_05,Social_contacts_ave: …Fremden bei Urlaubsreisen?,METRIC,SCALE,Wie oft hat //__eine durchschnittliche Person__// normalerweise direkten physischen Kontakt mit...
NI06_06,Social_contacts_ave: ...Fremden beim Pendeln zur Arbeit oder bei notwendigen Einkäufen?,METRIC,SCALE,Wie oft hat //__eine durchschnittliche Person__// normalerweise direkten physischen Kontakt mit...
NI02_01,Social_voluntary: Familienmitglieder treffen,METRIC,SCALE,Um die Ausbreitung des neuen Coronavirus zu vermeiden. wie stark haben //__Sie__// die folgenden Aktivitäten aus //__eigener Entscheidung__// reduziert oder planen dies in den nächsten Wochen zu tun  (d.h. nicht aufgrund staatlicher Vorschriften oder weil bestimmte Orte geschlossen sind. sondern weil //__Sie__// beschlossen haben. dies zu tun)?
NI02_02,Social_voluntary: Freunde treffen,METRIC,SCALE,Um die Ausbreitung des neuen Coronavirus zu vermeiden. wie stark haben //__Sie__// die folgenden Aktivitäten aus //__eigener Entscheidung__// reduziert oder planen dies in den nächsten Wochen zu tun  (d.h. nicht aufgrund staatlicher Vorschriften oder weil bestimmte Orte geschlossen sind. sondern weil //__Sie__// beschlossen haben. dies zu tun)?
NI02_03,Social_voluntary: Arbeitskollegen treffen,METRIC,SCALE,Um die Ausbreitung des neuen Coronavirus zu vermeiden. wie stark haben //__Sie__// die folgenden Aktivitäten aus //__eigener Entscheidung__// reduziert oder planen dies in den nächsten Wochen zu tun  (d.h. nicht aufgrund staatlicher Vorschriften oder weil bestimmte Orte geschlossen sind. sondern weil //__Sie__// beschlossen haben. dies zu tun)?
NI02_04,Social_voluntary: Freizeitaktivitäten im öffentlichen Raum (z.B. Essen in Restaurants. Konzert- oder Sportveranstaltungen)?,METRIC,SCALE,Um die Ausbreitung des neuen Coronavirus zu vermeiden. wie stark haben //__Sie__// die folgenden Aktivitäten aus //__eigener Entscheidung__// reduziert oder planen dies in den nächsten Wochen zu tun  (d.h. nicht aufgrund staatlicher Vorschriften oder weil bestimmte Orte geschlossen sind. sondern weil //__Sie__// beschlossen haben. dies zu tun)?
NI02_05,Social_voluntary: Urlaubsreisen,METRIC,SCALE,Um die Ausbreitung des neuen Coronavirus zu vermeiden. wie stark haben //__Sie__// die folgenden Aktivitäten aus //__eigener Entscheidung__// reduziert oder planen dies in den nächsten Wochen zu tun  (d.h. nicht aufgrund staatlicher Vorschriften oder weil bestimmte Orte geschlossen sind. sondern weil //__Sie__// beschlossen haben. dies zu tun)?
NI02_06,Social_voluntary: Pendeln zur Arbeit oder bei notwendigen Einkäufen,METRIC,SCALE,Um die Ausbreitung des neuen Coronavirus zu vermeiden. wie stark haben //__Sie__// die folgenden Aktivitäten aus //__eigener Entscheidung__// reduziert oder planen dies in den nächsten Wochen zu tun  (d.h. nicht aufgrund staatlicher Vorschriften oder weil bestimmte Orte geschlossen sind. sondern weil //__Sie__// beschlossen haben. dies zu tun)?
NI07_01,Social_voluntary_ave: Familienmitglieder treffen,METRIC,SCALE,Um die Ausbreitung des neuen Coronavirus zu vermeiden. wie stark hat //__eine durchschnittliche Person__// die folgenden Aktivitäten aus //__eigener Entscheidung__// reduziert oder plant dies in den nächsten Wochen zu tun (d.h. nicht aufgrund staatlicher Vorschriften oder weil bestimmte Orte geschlossen sind. sondern weil //__diese Person__// beschlossen hat. es zu tun)?
NI07_02,Social_voluntary_ave: Freunde treffen,METRIC,SCALE,Um die Ausbreitung des neuen Coronavirus zu vermeiden. wie stark hat //__eine durchschnittliche Person__// die folgenden Aktivitäten aus //__eigener Entscheidung__// reduziert oder plant dies in den nächsten Wochen zu tun (d.h. nicht aufgrund staatlicher Vorschriften oder weil bestimmte Orte geschlossen sind. sondern weil //__diese Person__// beschlossen hat. es zu tun)?
NI07_03,Social_voluntary_ave: Arbeitskollegen treffen,METRIC,SCALE,Um die Ausbreitung des neuen Coronavirus zu vermeiden. wie stark hat //__eine durchschnittliche Person__// die folgenden Aktivitäten aus //__eigener Entscheidung__// reduziert oder plant dies in den nächsten Wochen zu tun (d.h. nicht aufgrund staatlicher Vorschriften oder weil bestimmte Orte geschlossen sind. sondern weil //__diese Person__// beschlossen hat. es zu tun)?
NI07_04,Social_voluntary_ave: Freizeitaktivitäten im öffentlichen Raum (z.B. Essen in Restaurants. Konzert- oder Sportveranstaltungen)?,METRIC,SCALE,Um die Ausbreitung des neuen Coronavirus zu vermeiden. wie stark hat //__eine durchschnittliche Person__// die folgenden Aktivitäten aus //__eigener Entscheidung__// reduziert oder plant dies in den nächsten Wochen zu tun (d.h. nicht aufgrund staatlicher Vorschriften oder weil bestimmte Orte geschlossen sind. sondern weil //__diese Person__// beschlossen hat. es zu tun)?
NI07_05,Social_voluntary_ave: Urlaubsreisen,METRIC,SCALE,Um die Ausbreitung des neuen Coronavirus zu vermeiden. wie stark hat //__eine durchschnittliche Person__// die folgenden Aktivitäten aus //__eigener Entscheidung__// reduziert oder plant dies in den nächsten Wochen zu tun (d.h. nicht aufgrund staatlicher Vorschriften oder weil bestimmte Orte geschlossen sind. sondern weil //__diese Person__// beschlossen hat. es zu tun)?
NI07_06,Social_voluntary_ave: Pendeln zur Arbeit oder bei notwendigen Einkäufen,METRIC,SCALE,Um die Ausbreitung des neuen Coronavirus zu vermeiden. wie stark hat //__eine durchschnittliche Person__// die folgenden Aktivitäten aus //__eigener Entscheidung__// reduziert oder plant dies in den nächsten Wochen zu tun (d.h. nicht aufgrund staatlicher Vorschriften oder weil bestimmte Orte geschlossen sind. sondern weil //__diese Person__// beschlossen hat. es zu tun)?
NI04_01,Social_forced_ave: Familienmitglieder treffen,METRIC,SCALE,Wie sehr glauben Sie. dass //__eine durchschnittliche Person gezwungen__// ist oder sein wird die folgenden Aktivitäten in den nächsten Wochen zu reduzieren (wegen staatlicher Vorschriften oder weil bestimmte Orte geschlossen sind)?
NI04_02,Social_forced_ave: Freunde treffen,METRIC,SCALE,Wie sehr glauben Sie. dass //__eine durchschnittliche Person gezwungen__// ist oder sein wird die folgenden Aktivitäten in den nächsten Wochen zu reduzieren (wegen staatlicher Vorschriften oder weil bestimmte Orte geschlossen sind)?
NI04_03,Social_forced_ave: Arbeitskollegen treffen,METRIC,SCALE,Wie sehr glauben Sie. dass //__eine durchschnittliche Person gezwungen__// ist oder sein wird die folgenden Aktivitäten in den nächsten Wochen zu reduzieren (wegen staatlicher Vorschriften oder weil bestimmte Orte geschlossen sind)?
NI04_04,Social_forced_ave: Freizeitaktivitäten im öffentlichen Raum (z.B. Essen in Restaurants. Konzert- oder Sportveranstaltungen),METRIC,SCALE,Wie sehr glauben Sie. dass //__eine durchschnittliche Person gezwungen__// ist oder sein wird die folgenden Aktivitäten in den nächsten Wochen zu reduzieren (wegen staatlicher Vorschriften oder weil bestimmte Orte geschlossen sind)?
NI04_05,Social_forced_ave: Urlaubsreisen,METRIC,SCALE,Wie sehr glauben Sie. dass //__eine durchschnittliche Person gezwungen__// ist oder sein wird die folgenden Aktivitäten in den nächsten Wochen zu reduzieren (wegen staatlicher Vorschriften oder weil bestimmte Orte geschlossen sind)?
NI04_06,Social_forced_ave: Pendeln zur Arbeit oder bei notwendigen Einkäufen,METRIC,SCALE,Wie sehr glauben Sie. dass //__eine durchschnittliche Person gezwungen__// ist oder sein wird die folgenden Aktivitäten in den nächsten Wochen zu reduzieren (wegen staatlicher Vorschriften oder weil bestimmte Orte geschlossen sind)?
NI08_01,Social_forced: Familienmitglieder treffen,METRIC,SCALE,Wie sehr glauben Sie. dass //__Sie gezwungen__// sind oder sein werden die folgenden Aktivitäten in den nächsten Wochen zu reduzieren (wegen staatlicher Vorschriften oder weil bestimmte Orte geschlossen sind)?
NI08_02,Social_forced: Freunde treffen,METRIC,SCALE,Wie sehr glauben Sie. dass //__Sie gezwungen__// sind oder sein werden die folgenden Aktivitäten in den nächsten Wochen zu reduzieren (wegen staatlicher Vorschriften oder weil bestimmte Orte geschlossen sind)?
NI08_03,Social_forced: Arbeitskollegen treffen,METRIC,SCALE,Wie sehr glauben Sie. dass //__Sie gezwungen__// sind oder sein werden die folgenden Aktivitäten in den nächsten Wochen zu reduzieren (wegen staatlicher Vorschriften oder weil bestimmte Orte geschlossen sind)?
NI08_04,Social_forced: Freizeitaktivitäten im öffentlichen Raum (z.B. Essen in Restaurants. Konzert- oder Sportveranstaltungen)?,METRIC,SCALE,Wie sehr glauben Sie. dass //__Sie gezwungen__// sind oder sein werden die folgenden Aktivitäten in den nächsten Wochen zu reduzieren (wegen staatlicher Vorschriften oder weil bestimmte Orte geschlossen sind)?
NI08_05,Social_forced: Urlaubsreisen,METRIC,SCALE,Wie sehr glauben Sie. dass //__Sie gezwungen__// sind oder sein werden die folgenden Aktivitäten in den nächsten Wochen zu reduzieren (wegen staatlicher Vorschriften oder weil bestimmte Orte geschlossen sind)?
NI08_06,Social_forced: Pendeln zur Arbeit oder bei notwendigen Einkäufen,METRIC,SCALE,Wie sehr glauben Sie. dass //__Sie gezwungen__// sind oder sein werden die folgenden Aktivitäten in den nächsten Wochen zu reduzieren (wegen staatlicher Vorschriften oder weil bestimmte Orte geschlossen sind)?
NI05_01,Social_fear: ...Familienmitglieder treffen?,METRIC,SCALE,Glauben Sie. dass //__Sie__// darunter leiden werden. dass sich //__Ihr__// Leben durch das Coronavirus einschränkt in Bezug auf...
NI05_02,Social_fear: ...Freunde treffen?,METRIC,SCALE,Glauben Sie. dass //__Sie__// darunter leiden werden. dass sich //__Ihr__// Leben durch das Coronavirus einschränkt in Bezug auf...
NI05_03,Social_fear: ...Arbeitskollegen treffen?,METRIC,SCALE,Glauben Sie. dass //__Sie__// darunter leiden werden. dass sich //__Ihr__// Leben durch das Coronavirus einschränkt in Bezug auf...
NI05_04,Social_fear: ...Freizeitaktivitäten im öffentlichen Raum (z.B. Essen in Restaurants. Konzert- oder Sportveranstaltungen)?,METRIC,SCALE,Glauben Sie. dass //__Sie__// darunter leiden werden. dass sich //__Ihr__// Leben durch das Coronavirus einschränkt in Bezug auf...
NI05_05,Social_fear: ...Urlaubsreisen?,METRIC,SCALE,Glauben Sie. dass //__Sie__// darunter leiden werden. dass sich //__Ihr__// Leben durch das Coronavirus einschränkt in Bezug auf...
NI05_06,Social_fear: ...Pendeln zur Arbeit oder notwendige Einkäufen?,METRIC,SCALE,Glauben Sie. dass //__Sie__// darunter leiden werden. dass sich //__Ihr__// Leben durch das Coronavirus einschränkt in Bezug auf...
NI09_01,Social_fear_ave: ...Familienmitglieder treffen?,METRIC,SCALE,Glauben Sie. dass //__eine durchschnittliche Person__// darunter leiden wird. dass sich ihr Leben durch das Coronavirus einschränkt in Bezug auf...
NI09_02,Social_fear_ave: ...Freunde treffen?,METRIC,SCALE,Glauben Sie. dass //__eine durchschnittliche Person__// darunter leiden wird. dass sich ihr Leben durch das Coronavirus einschränkt in Bezug auf...
NI09_03,Social_fear_ave: ...Arbeitskollegen treffen?,METRIC,SCALE,Glauben Sie. dass //__eine durchschnittliche Person__// darunter leiden wird. dass sich ihr Leben durch das Coronavirus einschränkt in Bezug auf...
NI09_04,Social_fear_ave: ...Freizeitaktivitäten im öffentlichen Raum (z.B. Essen in Restaurants. Konzert- oder Sportveranstaltungen)?,METRIC,SCALE,Glauben Sie. dass //__eine durchschnittliche Person__// darunter leiden wird. dass sich ihr Leben durch das Coronavirus einschränkt in Bezug auf...
NI09_05,Social_fear_ave: ...Urlaubsreisen?,METRIC,SCALE,Glauben Sie. dass //__eine durchschnittliche Person__// darunter leiden wird. dass sich ihr Leben durch das Coronavirus einschränkt in Bezug auf...
NI09_06,Social_fear_ave: ...Pendeln zur Arbeit oder notwendige Einkäufen?,METRIC,SCALE,Glauben Sie. dass //__eine durchschnittliche Person__// darunter leiden wird. dass sich ihr Leben durch das Coronavirus einschränkt in Bezug auf...
NI03_01,Social_pleasure: ...treffen Sie sich mit Familienmitgliedern?,METRIC,SCALE,Wie gerne...
NI03_02,Social_pleasure: ...treffen Sie sich mit Freunden?,METRIC,SCALE,Wie gerne...
NI03_03,Social_pleasure: ...treffen Sie sich mit Arbeitskollegen?,METRIC,SCALE,Wie gerne...
NI03_04,Social_pleasure: ...machen Sie Freizeitaktivitäten im öffentlichen Raum (z.B. Essen in Restaurants. Konzert- oder Sportveranstaltungen)?,METRIC,SCALE,Wie gerne...
NI03_05,Social_pleasure: ...machen Sie Urlaubsreisen?,METRIC,SCALE,Wie gerne...
NI03_06,Social_pleasure: ...pendeln Sie zur Arbeit oder machen notwendige Einkäufe?,METRIC,SCALE,Wie gerne...
NI10_01,Social_pleasure_ave: ...trifft sich eine durchschnittliche Person mit Familienmitgliedern?,METRIC,SCALE,Wie gerne...
NI10_02,Social_pleasure_ave: ...trifft sich eine durchschnittliche Person mit Freunden?,METRIC,SCALE,Wie gerne...
NI10_03,Social_pleasure_ave: ...trifft sich eine durchschnittliche Person mit Arbeitskollegen?,METRIC,SCALE,Wie gerne...
NI10_04,Social_pleasure_ave: ...macht eine durchschnittliche Person Freizeitaktivitäten im öffentlichen Raum (z.B. Essen in Restaurants. Konzert- oder Sportveranstaltungen)?,METRIC,SCALE,Wie gerne...
NI10_05,Social_pleasure_ave: ...macht eine durchschnittliche Person Urlaubsreisen?,METRIC,SCALE,Wie gerne...
NI10_06,Social_pleasure_ave: ...pendelt eine durchschnittliche Person zur Arbeit oder macht notwendige Einkäufe?,METRIC,SCALE,Wie gerne...
TIME001,Verweildauer Seite 1,METRIC,SYSTEM,
TIME002,Verweildauer Seite 2,METRIC,SYSTEM,
TIME003,Verweildauer Seite 3,METRIC,SYSTEM,
TIME004,Verweildauer Seite 4,METRIC,SYSTEM,
TIME005,Verweildauer Seite 5,METRIC,SYSTEM,
TIME006,Verweildauer Seite 6,METRIC,SYSTEM,
TIME007,Verweildauer Seite 7,METRIC,SYSTEM,
TIME008,Verweildauer Seite 8,METRIC,SYSTEM,
TIME009,Verweildauer Seite 9,METRIC,SYSTEM,
TIME010,Verweildauer Seite 10,METRIC,SYSTEM,
TIME011,Verweildauer Seite 11,METRIC,SYSTEM,
TIME_SUM,Verweildauer gesamt (ohne Ausreißer),METRIC,SYSTEM,
FINISHED,Wurde die Befragung abgeschlossen (letzte Seite erreicht)?,BOOL,SYSTEM,
Q_VIEWER,Hat der Teilnehmer den Fragebogen nur angesehen. ohne die Pflichtfragen zu beantworten?,BOOL,SYSTEM,
LASTPAGE,Seite. die der Teilnehmer zuletzt bearbeitet hat,METRIC,SYSTEM,
MAXPAGE,Letzte Seite. die im Fragebogen bearbeitet wurde,METRIC,SYSTEM,
MISSING,Anteil fehlender Antworten in Prozent,METRIC,SYSTEM,
MISSREL,Anteil fehlender Antworten (gewichtet nach Relevanz),METRIC,SYSTEM,
